Model,Accuracy
k-NN (k=3),0.36666666666666664
SVM (linear),0.5333333333333333
Decision Tree,0.4
